date,rail_mrt_kajang,rail_mrt_pjy,rail_lrt_kj,rail_lrt_ampang,rail_monorail,bus_rkl
2023-09-30,153374,70166.0,163281,117356,49665,136982.0
2023-10-01,130337,58121.0,130356,102970,43405,132583.0
2023-10-02,207806,116341.0,236388,159335,53139,197170.0
2023-10-03,218968,123156.0,256508,164939,53590,214822.0
2023-10-04,223461,124847.0,260010,165967,53911,215891.0
2023-10-05,220672,122200.0,256480,164723,54863,216309.0
2023-10-06,223259,119597.0,249901,168200,58543,210951.0
2023-10-07,162195,72613.0,149888,117280,49072,152410.0
2023-10-08,139692,62219.0,131443,104194,45088,150520.0
2023-10-09,212177,118494.0,238280,160677,53553,215260.0
2023-10-10,219206,122459.0,257111,163932,54416,214916.0
2023-10-11,222963,123326.0,259229,164959,54761,218530.0
2023-10-12,216843,122140.0,255148,161817,53359,218735.0
2023-10-13,227614,125479.0,254238,197735,57231,217182.0
2023-10-14,156597,72343.0,147492,111920,46244,152043.0
2023-10-15,133737,60683.0,125136,98380,41828,142189.0
2023-10-16,211664,119733.0,242090,161959,52511,216158.0
2023-10-17,223358,126318.0,257936,187016,54061,218465.0
2023-10-18,225107,126348.0,263026,167017,54989,223044.0
2023-10-19,221843,124608.0,260680,166233,55572,218519.0
2023-10-20,222792,121760.0,254227,167968,57816,214167.0
2023-10-21,154097,72141.0,146632,112580,45281,147371.0
2023-10-22,135134,61350.0,133302,102503,41331,141782.0
2023-10-23,209230,119745.0,241915,160945,53884,214192.0
2023-10-24,222391,125597.0,259416,169839,56513,220406.0
2023-10-25,225776,126379.0,262082,165138,57709,222492.0
2023-10-26,222732,124290.0,257185,164608,57354,220487.0
2023-10-27,220655,122665.0,250659,165783,60189,215045.0
2023-10-28,161488,79580.0,168030,115211,48649,153172.0
2023-10-29,133218,60780.0,129694,98246,41459,137132.0
2023-10-30,210083,118934.0,236468,158224,55086,211987.0
2023-10-31,222064,125416.0,253988,163126,57028,217217.0
2023-11-01,228310,128264.0,260585,166517,57820,222202.0
2023-11-02,224221,126047.0,254647,164381,58274,220954.0
2023-11-03,226627,123105.0,248645,167152,59913,215206.0
2023-11-04,161983,75725.0,150292,119716,49301,155741.0
2023-11-05,138307,62474.0,129068,104440,45456,147625.0
2023-11-06,213142,121885.0,241351,162582,55950,217498.0
2023-11-07,226412,128837.0,261146,168981,59216,221617.0
2023-11-08,233012,130169.0,265948,172189,59150,228618.0
2023-11-09,229465,129030.0,260325,171653,59143,228881.0
2023-11-10,231094,125915.0,250724,175560,61061,219109.0
2023-11-11,175168,77321.0,162248,125150,58189,171046.0
2023-11-12,176579,73681.0,165194,118480,65967,189925.0
2023-11-13,145236,65333.0,134013,101664,46834,132144.0
2023-11-14,208500,112376.0,232587,152628,55153,193438.0
2023-11-15,222189,123672.0,249036,162135,57107,210302.0
2023-11-16,220302,124752.0,247627,173089,56599,213699.0
2023-11-17,217589,120289.0,238037,160067,57383,209492.0
2023-11-18,155312,74150.0,145501,112646,46432,153562.0
2023-11-19,130333,59509.0,123975,96012,41568,144103.0
2023-11-20,212391,125038.0,241405,160409,55532,220081.0
2023-11-21,225020,131249.0,260150,165504,58940,225885.0
2023-11-22,235772,139113.0,272525,250614,62450,222230.0
2023-11-23,229179,130845.0,263220,168627,62398,222371.0
2023-11-24,232343,130708.0,260425,170630,62591,224005.0
2023-11-25,167477,79434.0,156854,118685,51628,152673.0
2023-11-26,143060,64832.0,133373,102424,46357,148978.0
2023-11-27,216086,125997.0,244234,161414,56140,218024.0
2023-11-28,228154,132983.0,259900,166671,59051,220515.0
2023-11-29,243952,140546.0,263619,166895,58403,224901.0
2023-11-30,236369,137403.0,253598,165275,59321,220509.0
2023-12-01,247693,140846.0,248375,168552,61845,218606.0
2023-12-02,210683,102086.0,156112,121162,52745,154708.0
2023-12-03,182682,86778.0,134888,107791,49677,150965.0
2023-12-04,225714,129915.0,240874,158852,57278,216708.0
2023-12-05,234592,135152.0,251648,162829,58059,219798.0
2023-12-06,240022,136859.0,260962,166493,59617,222373.0
2023-12-07,237908,136029.0,257507,165729,60404,221706.0
2023-12-08,246761,141735.0,263425,243298,67467,226631.0
2023-12-09,198646,94783.0,160538,137022,55417,162397.0
2023-12-10,189157,92218.0,146307,129807,55027,156771.0
2023-12-11,228886,129587.0,215770,151346,60232,185599.0
2023-12-12,229422,134679.0,250993,163424,58386,218665.0
2023-12-13,232067,134295.0,252973,161783,55103,223170.0
2023-12-14,228167,130374.0,243813,159575,55364,220466.0
2023-12-15,231037,131139.0,238620,169157,57597,216371.0
2023-12-16,187170,88673.0,149150,117347,50605,157848.0
2023-12-17,174998,81925.0,136255,107590,50449,155188.0
2023-12-18,221001,125784.0,231376,154378,58056,208852.0
2023-12-19,229228,130286.0,243310,157400,58686,208038.0
2023-12-20,234192,130264.0,243860,159376,59167,211332.0
2023-12-21,226323,127892.0,235833,156390,58541,202995.0
2023-12-22,222417,123891.0,224242,156009,60866,198824.0
2023-12-23,199294,97450.0,179219,126178,57465,151159.0
2023-12-24,222539,105650.0,184568,126020,68843,144448.0
2023-12-25,196188,93677.0,144255,112249,56232,129313.0
2023-12-26,199957,110624.0,203335,136939,55672,180751.0
2023-12-27,213104,117196.0,215793,142064,55830,187003.0
2023-12-28,209894,115891.0,211994,141124,57203,184187.0
2023-12-29,209228,113962.0,207230,141251,57407,181200.0
2023-12-30,178415,84225.0,145818,110788,53934,141226.0
2023-12-31,262265,120685.0,200627,149183,79585,147295.0
2024-01-01,159042,79011.0,130595,103076,51696,136143.0
2024-01-02,217041,129116.0,237751,153716,57332,211276.0
2024-01-03,224466,133884.0,246491,157042,56375,216100.0
2024-01-04,221020,131962.0,243042,155018,55223,216825.0
2024-01-05,223298,130901.0,237731,156007,57190,213952.0
2024-01-06,158047,80745.0,132972,105102,44585,150272.0
2024-01-07,133496,64358.0,110222,90321,39254,137987.0
2024-01-08,222628,132196.0,239274,161338,56278,218660.0
2024-01-09,237427,140539.0,253414,165949,56917,220494.0
2024-01-10,236495,139065.0,256824,167526,57709,223969.0
2024-01-11,233742,137389.0,252494,167341,59613,222546.0
2024-01-12,239607,137321.0,250510,171423,61195,221399.0
2024-01-13,176910,88603.0,145906,131116,48575,155304.0
2024-01-14,152481,74405.0,122902,101780,44741,145903.0
2024-01-15,223369,131468.0,241545,160979,56945,218208.0
2024-01-16,235086,138316.0,258528,165856,57168,222249.0
2024-01-17,239571,140181.0,261518,167244,57981,227029.0
2024-01-18,235011,137630.0,256519,165975,59204,222386.0
2024-01-19,239872,136987.0,250623,167326,59954,222875.0
2024-01-20,176577,86507.0,143735,112232,46208,157748.0
2024-01-21,153555,73060.0,122746,97180,42970,146405.0
2024-01-22,229585,134500.0,249564,163130,57633,217191.0
2024-01-23,245175,141930.0,271194,171129,59663,217982.0
2024-01-24,255701,150582.0,274327,175617,62053,231893.0
2024-01-25,160884,81255.0,131578,99739,41704,148247.0
2024-01-26,226106,127930.0,231260,157017,59550,204935.0
2024-01-27,170826,82374.0,138859,114892,47548,151488.0
2024-01-28,147205,69747.0,119092,96029,42535,141146.0
2024-01-29,232469,134653.0,248727,164224,59158,219255.0
2024-01-30,244641,140745.0,263233,168871,59925,218058.0
2024-01-31,255045,144011.0,268155,171748,63215,226222.0
2024-02-01,168370,81837.0,155342,110345,38708,176200.0
2024-02-02,236335,130610.0,243097,167247,59159,221002.0
2024-02-03,190133,90825.0,156792,123360,53502,162718.0
2024-02-04,161308,74441.0,130682,105648,46048,149429.0
2024-02-05,239347,136304.0,254947,172179,58095,222777.0
2024-02-06,250875,142849.0,269133,178800,59472,227198.0
2024-02-07,258635,144774.0,270568,181361,61496,231367.0
2024-02-08,236151,132386.0,242448,168826,58465,213077.0
2024-02-09,187491,106380.0,196128,145126,59148,185157.0
2024-02-10,183062,93213.0,169787,120724,68149,168032.0
2024-02-11,182602,90323.0,165241,127252,70687,164656.0
2024-02-12,161319,81617.0,130448,106837,50706,140134.0
2024-02-13,204475,114048.0,207234,140635,56343,188291.0
2024-02-14,224887,122304.0,228180,149656,56279,197412.0
2024-02-15,220617,123742.0,230530,152668,55506,200443.0
2024-02-16,212781,120165.0,221662,151510,55202,204067.0
2024-02-17,155676,78613.0,132749,115135,43440,143744.0
2024-02-18,142511,69311.0,119540,101449,40257,137113.0
2024-02-19,230066,134467.0,253215,172723,53312,209565.0
2024-02-20,243230,140065.0,269049,176499,54497,211946.0
2024-02-21,249306,138935.0,275475,180768,57684,215491.0
2024-02-22,247036,140300.0,269488,179822,56753,211269.0
2024-02-23,242257,138084.0,256988,182119,60272,209954.0
2024-02-24,183818,92784.0,159240,169623,50639,156990.0
2024-02-25,166944,79274.0,140301,117169,48376,146572.0
2024-02-26,235328,135950.0,258185,178115,56729,212055.0
2024-02-27,246509,142309.0,274435,182934,56226,216371.0
2024-02-28,253870,144796.0,279314,185713,57466,219487.0
2024-02-29,252901,143616.0,276409,186270,59795,216258.0
2024-03-01,249384,141862.0,268053,188995,62089,215583.0
2024-03-02,195237,96025.0,171995,139706,55338,165033.0
2024-03-03,175258,85758.0,152048,130402,54661,161176.0
2024-03-04,241113,139059.0,265134,186477,59523,219804.0
2024-03-05,257664,146540.0,282178,192409,60525,224527.0
2024-03-06,265735,150217.0,289291,196748,61041,225832.0
2024-03-07,259437,146254.0,285010,195279,60294,227707.0
2024-03-08,255508,143507.0,276187,198209,62877,225846.0
2024-03-09,194931,93320.0,171162,147949,54303,168978.0
2024-03-10,172713,80835.0,151129,131424,51903,168346.0
2024-03-11,247030,143402.0,269096,195586,59478,237735.0
2024-03-12,233981,141272.0,262745,183417,53876,221923.0
2024-03-13,241245,144886.0,270672,187531,53256,224017.0
2024-03-14,238180,143518.0,269152,187979,53163,223361.0
2024-03-15,236822,139821.0,254316,186992,52790,217129.0
2024-03-16,152241,77278.0,132485,117619,37208,146219.0
2024-03-17,134241,65252.0,114307,103038,35078,138622.0
2024-03-18,232543,142100.0,257175,185402,53048,222959.0
2024-03-19,239783,144945.0,270490,187656,52783,222250.0
2024-03-20,243689,147663.0,270583,189346,53653,225446.0
2024-03-21,239066,143833.0,268426,188363,52547,221817.0
2024-03-22,242789,145021.0,260941,193518,52855,223335.0
2024-03-23,159646,81114.0,144677,128138,38859,153237.0
2024-03-24,135024,66243.0,122018,109748,36805,145314.0
2024-03-25,232026,141473.0,258471,186459,53337,216733.0
2024-03-26,241644,146701.0,272008,200366,53002,219942.0
2024-03-27,251996,149236.0,278863,195860,55175,224826.0
2024-03-28,156908,79863.0,138478,123967,38093,137925.0
2024-03-29,227034,132224.0,241375,182922,53130,205205.0
2024-03-30,161181,80600.0,145586,136787,46335,139163.0
2024-03-31,136166,66271.0,123186,118616,40731,134772.0
2024-04-01,233202,141521.0,258673,190688,53052,213268.0
2024-04-02,243455,146047.0,272919,194353,53697,215764.0
2024-04-03,249738,149257.0,277684,198362,54983,219574.0
2024-04-04,242298,144201.0,270034,196235,53250,215235.0
2024-04-05,247541,146166.0,263195,205028,56445,214935.0
2024-04-06,158140,81865.0,142798,138273,45195,164270.0
2024-04-07,143661,68055.0,127142,125082,47574,146646.0
2024-04-08,198967,110727.0,203412,159953,51693,179624.0
2024-04-09,187967,101938.0,188202,152799,56915,175500.0
2024-04-10,186888,97003.0,180266,124942,61197,141775.0
2024-04-11,176012,88536.0,165380,119246,62956,145050.0
2024-04-12,177926,94392.0,170704,130820,53776,157759.0
2024-04-13,145964,72068.0,122924,104348,43188,134254.0
2024-04-14,130563,67136.0,116722,102134,37998,131917.0
2024-04-15,209368,128156.0,227652,172157,49334,207045.0
2024-04-16,227061,140859.0,248474,181350,51639,215083.0
2024-04-17,237109,145894.0,260804,187724,52924,214591.0
2024-04-18,233021,144008.0,260304,185814,52050,216693.0
2024-04-19,240513,143869.0,254263,189184,53788,214742.0
2024-04-20,172835,89429.0,145335,128980,42710,156487.0
2024-04-21,149974,74164.0,124892,113505,40789,149283.0
2024-04-22,232509,142827.0,256725,186110,53584,222967.0
2024-04-23,243451,148808.0,272842,191353,55248,226112.0
2024-04-24,248489,148782.0,274518,191429,55395,226961.0
2024-04-25,244874,146571.0,270387,189166,55801,223902.0
2024-04-26,251457,146185.0,262936,193453,56404,221708.0
2024-04-27,192673,94517.0,156561,143091,47139,156539.0
2024-04-28,162298,77668.0,133240,117225,43748,149248.0
2024-04-29,237795,143725.0,260006,187311,55840,222471.0
2024-04-30,256624,151140.0,276262,194819,58774,230072.0
2024-05-01,184437,87555.0,142909,119793,46327,145290.0
2024-05-02,250953,149260.0,274442,195431,54081,227861.0
2024-05-03,251683,147846.0,266068,197806,60125,222811.0
2024-05-04,186860,97466.0,162346,143552,49000,159686.0
2024-05-05,171318,84630.0,138060,123295,46306,152504.0
2024-05-06,240363,146060.0,262910,192678,57200,228581.0
2024-05-07,259675,151590.0,283428,198206,29351,231226.0
2024-05-08,267109,155057.0,288099,199795,28097,239656.0
2024-05-09,253896,150250.0,277288,197917,52071,231452.0
2024-05-10,257069,150331.0,271257,201590,56660,227982.0
2024-05-11,182758,91924.0,153531,135207,45689,158682.0
2024-05-12,166092,84088.0,139061,128056,47674,162251.0
2024-05-13,242010,147222.0,263810,195021,55298,227525.0
2024-05-14,253437,153466.0,277017,198047,54970,232091.0
2024-05-15,257037,152768.0,277887,197979,55196,233173.0
2024-05-16,253778,151399.0,275188,196937,55939,229909.0
2024-05-17,252606,149592.0,267692,200726,57113,230407.0
2024-05-18,187079,93718.0,153988,138417,47953,159508.0
2024-05-19,160492,78156.0,133420,123106,44665,154004.0
2024-05-20,241287,145344.0,258466,189554,52779,226418.0
2024-05-21,253671,152166.0,276190,196286,55237,230896.0
2024-05-22,168654,84808.0,137209,118052,41822,143333.0
2024-05-23,240933,145895.0,259669,192282,53432,222421.0
2024-05-24,250636,148879.0,264581,210072,57822,221956.0
2024-05-25,191869,100692.0,173761,169115,49453,154725.0
2024-05-26,171027,88095.0,150886,154341,48425,149333.0
2024-05-27,252244,147242.0,261486,209792,57351,215683.0
2024-05-28,261354,153482.0,279863,215276,59576,219320.0
2024-05-29,274188,157813.0,286982,224227,61219,217848.0
2024-05-30,266950,154809.0,281624,223563,61632,215267.0
2024-05-31,261386,143743.0,267879,221354,62698,210430.0
2024-06-01,209179,104973.0,175552,185932,55859,158625.0
2024-06-02,198291,94648.0,159489,162167,60246,150963.0
2024-06-03,161956,79465.0,127811,115327,44106,135779.0
2024-06-04,249198,148015.0,269312,196980,54798,224369.0
2024-06-05,251786,150154.0,271351,195988,55326,220701.0
2024-06-06,245986,148279.0,265179,194376,54470,218856.0
2024-06-07,251688,145658.0,260313,198250,58342,217241.0
2024-06-08,195106,96194.0,158833,144743,49750,157762.0
2024-06-09,170552,82792.0,144354,132320,49056,156926.0
2024-06-10,248543,147097.0,262844,197865,57746,224858.0
2024-06-11,258700,153481.0,278563,210343,57438,225984.0
2024-06-12,260430,154360.0,277640,202214,57629,227921.0
2024-06-13,256529,151551.0,273266,202468,56094,225857.0
2024-06-14,257088,150290.0,256356,203495,57857,221501.0
2024-06-15,185662,90604.0,144886,139011,50963,158054.0
2024-06-16,172583,80577.0,133785,125659,56223,152180.0
2024-06-17,159879,81141.0,138594,116649,52951,134395.0
2024-06-18,240978,135354.0,244971,185441,57587,200132.0
2024-06-19,253462,147188.0,264955,194749,53446,218818.0
2024-06-20,250229,146558.0,265578,193956,53377,216742.0
2024-06-21,251368,139848.0,257011,194890,55732,216614.0
2024-06-22,188870,95667.0,150885,142584,47404,155102.0
2024-06-23,160595,80777.0,130408,130091,41616,145528.0
2024-06-24,244282,145191.0,256702,189584,52722,221117.0
2024-06-25,255156,150199.0,273199,194186,53506,221872.0
2024-06-26,259838,151871.0,275959,196416,54934,224543.0
2024-06-27,255210,149007.0,270789,194265,54446,223293.0
2024-06-28,258172,147390.0,265508,195212,57884,220293.0
2024-06-29,202785,99383.0,164337,140938,51657,159861.0
2024-06-30,169715,81318.0,137399,120543,47363,149938.0
2024-07-01,252569,150225.0,268960,195781,55157,230685.0
2024-07-02,261783,155665.0,282862,200482,56567,233316.0
2024-07-03,268765,159991.0,289412,203010,57082,235123.0
2024-07-04,264607,155893.0,286994,202097,57609,232014.0
2024-07-05,266888,155970.0,282608,207116,61013,232055.0
2024-07-06,206645,101023.0,172441,142730,56046,166246.0
2024-07-07,203848,92936.0,157584,132547,57455,160495.0
2024-07-08,165449,82489.0,134575,115556,42438,141950.0
2024-07-09,263047,156259.0,280219,200793,56539,231844.0
2024-07-10,270141,159400.0,289561,205059,58792,232059.0
2024-07-11,266658,159483.0,286550,203117,57623,235389.0
2024-07-12,263438,155710.0,272404,201799,60149,229421.0
2024-07-13,197531,99733.0,168997,140503,51341,164920.0
2024-07-14,166721,78833.0,145532,120570,46527,155137.0
2024-07-15,252958,152523.0,267546,196946,55544,232392.0
2024-07-16,262939,158717.0,284143,201215,54769,237481.0
2024-07-17,269546,160676.0,287944,203820,55063,238258.0
2024-07-18,263117,157487.0,280222,201041,55062,234917.0
2024-07-19,267317,156915.0,276902,203725,47692,228243.0
2024-07-20,208405,105712.0,171208,144224,51709,161181.0
2024-07-21,166368,81655.0,136580,120702,44861,153555.0
2024-07-22,248534,153039.0,269822,196906,54640,234536.0
2024-07-23,263178,159136.0,282154,200663,53465,239328.0
2024-07-24,265491,159742.0,283903,200489,53975,239220.0
2024-07-25,263951,158432.0,281000,201412,54526,237772.0
2024-07-26,264920,155741.0,275418,203776,58401,231959.0
2024-07-27,199172,99989.0,165456,157058,52047,164916.0
2024-07-28,169794,81246.0,140308,123404,46862,151760.0
2024-07-29,250926,151511.0,267116,194951,54776,226337.0
2024-07-30,264383,159361.0,283005,200996,56368,234223.0
2024-07-31,272244,161644.0,288374,204121,57595,236277.0
2024-08-01,265899,159039.0,283299,204262,57175,236564.0
2024-08-02,265155,155798.0,275437,205429,61655,231322.0
2024-08-03,198005,98147.0,163524,146392,58147,163143.0
2024-08-04,165573,80472.0,139641,124605,51984,149416.0
2024-08-05,254366,155164.0,271244,197994,57533,229854.0
2024-08-06,266743,162644.0,288986,205357,58800,239396.0
2024-08-07,274703,164910.0,293819,207151,58871,239498.0
2024-08-08,269554,161728.0,291644,208296,59990,241951.0
2024-08-09,262760,157575.0,280580,209159,63489,236107.0
2024-08-10,207552,101871.0,172413,144796,56209,168908.0
2024-08-11,165858,79359.0,138005,120850,48111,153414.0
2024-08-12,259547,157874.0,278485,205055,58410,235072.0
2024-08-13,266935,162819.0,288121,207568,57624,242615.0
2024-08-14,271488,163707.0,289782,208371,57424,239418.0
2024-08-15,264039,160096.0,284800,205831,57708,238603.0
2024-08-16,263768,155767.0,275293,206027,60230,234356.0
2024-08-17,198435,97489.0,161007,143562,54721,159158.0
2024-08-18,174892,84453.0,140575,127114,48959,157638.0
2024-08-19,254603,154915.0,270365,201172,57015,230056.0
2024-08-20,262694,159585.0,285503,202945,56791,229596.0
2024-08-21,268041,160755.0,289959,205962,56710,235260.0
2024-08-22,260848,157774.0,283952,205098,56581,233600.0
2024-08-23,263538,157302.0,276761,209914,60312,228527.0
2024-08-24,207151,107217.0,170855,188168,51137,165259.0
2024-08-25,166976,85267.0,140539,123771,45165,151904.0
2024-08-26,250900,153411.0,267069,198966,54211,223955.0
2024-08-27,260452,160178.0,284023,203016,55178,233785.0
2024-08-28,265546,162007.0,284092,203051,55133,235573.0
2024-08-29,261798,159455.0,276108,201717,54351,232347.0
2024-08-30,274397,164465.0,275060,208483,60811,231238.0
2024-08-31,223776,148762.0,175854,151077,61590,234883.0
2024-09-01,167731,81744.0,131669,116430,39374,149101.0
2024-09-02,247214,150129.0,243045,186296,48918,219976.0
2024-09-03,262243,160244.0,264268,195168,49734,230968.0
2024-09-04,269063,162720.0,286793,209439,55323,236393.0
2024-09-05,263274,159983.0,281002,204667,55233,234037.0
2024-09-06,262075,155021.0,269408,205926,58146,233331.0
2024-09-07,204613,101319.0,164817,152736,54283,172536.0
2024-09-08,172735,85123.0,142798,138454,48146,165054.0
2024-09-09,256099,156714.0,271762,204112,55820,232809.0
2024-09-10,266335,162028.0,284576,206941,56036,233231.0
2024-09-11,272223,164509.0,286563,209305,55484,249767.0
2024-09-12,262880,158647.0,276742,205705,53859,247817.0
2024-09-13,258662,154901.0,268945,208120,56406,240106.0
2024-09-14,199935,101642.0,190399,148318,53480,184325.0
2024-09-15,204178,98607.0,164844,141572,60805,185137.0
2024-09-16,196803,96879.0,153319,132111,56322,167864.0
2024-09-17,185563,102339.0,157083,164068,43844,183643.0
2024-09-18,269554,157688.0,276713,202184,57129,251115.0
2024-09-19,268889,158796.0,281772,202851,57825,264236.0
2024-09-20,274945,163700.0,271812,203038,57619,254678.0
2024-09-21,190138,99062.0,153013,131042,45546,181651.0
2024-09-22,160056,82048.0,127708,122522,40791,175355.0
2024-09-23,246504,152824.0,264470,197533,52811,228955.0
2024-09-24,262278,161003.0,281314,203545,52510,234159.0
2024-09-25,264354,161288.0,285648,204256,52448,232894.0
2024-09-26,264865,160617.0,285567,204768,54153,234573.0
2024-09-27,265404,159167.0,273673,204716,57523,231830.0
2024-09-28,197090,100798.0,158885,137363,49231,161095.0
2024-09-29,167533,82959.0,136454,122237,46263,148637.0
2024-09-30,252337,154050.0,265341,199707,53943,226441.0
2024-10-01,269990,163760.0,289395,208157,55766,241077.0
2024-10-02,274854,165058.0,288946,210868,55536,240872.0
2024-10-03,272878,164869.0,298050,212972,57965,237414.0
2024-10-04,280817,164160.0,287214,214432,63921,240732.0
2024-10-05,218386,105431.0,180639,149540,54962,170089.0
2024-10-06,191472,91449.0,155697,140175,54620,169313.0
2024-10-07,261079,157584.0,272631,206418,58107,243324.0
2024-10-08,272310,165249.0,288687,211624,57264,247016.0
2024-10-09,274613,165053.0,289876,210946,55632,249753.0
2024-10-10,268785,163120.0,289309,209120,56378,246207.0
2024-10-11,275598,163687.0,285020,212082,60192,243838.0
2024-10-12,209715,104206.0,171213,143683,51401,167505.0
2024-10-13,180937,89448.0,150112,130716,50432,163342.0
2024-10-14,258361,158958.0,274238,204927,56347,240873.0
2024-10-15,267712,165769.0,288521,210346,55824,242404.0
2024-10-16,277067,168688.0,298753,213317,57187,255103.0
2024-10-17,269931,164954.0,293310,209294,57334,252617.0
2024-10-18,273844,163925.0,284900,210764,59984,246222.0
2024-10-19,202476,101810.0,163206,136167,48903,169441.0
2024-10-20,174688,87326.0,144502,126704,46719,161095.0
2024-10-21,255332,158964.0,271104,204313,56305,244962.0
2024-10-22,266313,165355.0,288022,209169,56816,246811.0
2024-10-23,271867,165410.0,291410,209391,56379,249112.0
2024-10-24,267867,163539.0,285948,211567,57070,245489.0
2024-10-25,273577,162539.0,278886,216805,60275,241332.0
2024-10-26,212960,110785.0,174377,202770,53691,172381.0
2024-10-27,177035,87834.0,145518,134913,46984,156554.0
2024-10-28,253303,155535.0,265115,202283,55910,230348.0
2024-10-29,267775,160503.0,282005,209759,57846,233138.0
2024-10-30,281911,159959.0,279543,208718,60904,224475.0
2024-10-31,216786,103796.0,168734,136394,58974,152637.0
2024-11-01,247850,133489.0,230842,173509,60450,191658.0
2024-11-02,197666,95607.0,155180,135572,52147,166366.0
2024-11-03,166661,83358.0,136212,122312,45468,184319.0
2024-11-04,254330,156129.0,264791,201885,57726,239914.0
2024-11-05,267819,163591.0,283946,208504,56393,247703.0
2024-11-06,276394,165964.0,289907,211114,58384,246550.0
2024-11-07,273833,164542.0,287998,210981,59136,249123.0
2024-11-08,278511,165471.0,283954,217237,62249,247725.0
2024-11-09,218054,111008.0,172061,148826,56049,174779.0
2024-11-10,181151,90764.0,145455,132608,49581,168443.0
2024-11-11,269117,162692.0,279646,210460,59504,251884.0
2024-11-12,272899,167435.0,290445,211918,58746,246949.0
2024-11-13,276565,167640.0,293691,212083,57753,255869.0
2024-11-14,272181,166583.0,288957,211084,58757,251467.0
2024-11-15,276737,165667.0,282571,215283,60945,246897.0
2024-11-16,202542,102097.0,164315,141851,50028,169067.0
2024-11-17,176072,87375.0,146476,128644,47832,160667.0
2024-11-18,265571,165265.0,279269,209250,57658,249333.0
2024-11-19,277806,171409.0,298090,214740,59075,252522.0
2024-11-20,284812,173734.0,300438,215276,58457,256839.0
2024-11-21,279488,171580.0,298928,226664,60464,251947.0
2024-11-22,283888,170971.0,296832,219280,64312,249460.0
2024-11-23,213334,111500.0,181410,179338,55863,172167.0
2024-11-24,177940,89305.0,154147,133715,48432,158394.0
2024-11-25,264468,163458.0,278506,207317,59507,244923.0
2024-11-26,273502,169739.0,292895,211488,59580,247442.0
2024-11-27,278421,169976.0,295633,211400,58705,245074.0
2024-11-28,278307,169212.0,295202,212373,61035,241619.0
2024-11-29,287120,170716.0,289005,219553,64625,237034.0
2024-11-30,226312,114095.0,180474,164062,60964,174562.0
2024-12-01,193979,95410.0,156978,144193,56509,165304.0
2024-12-02,265053,162834.0,276065,205735,57998,233535.0
2024-12-03,277400,169951.0,292450,211026,57483,239741.0
2024-12-04,285312,173260.0,294813,213656,58217,244043.0
2024-12-05,277304,169520.0,290093,211076,58664,237526.0
2024-12-06,282563,168581.0,287192,216168,65202,237916.0
2024-12-07,224984,113409.0,185877,164251,60526,178107.0
2024-12-08,192997,95326.0,157139,140502,55712,170755.0
2024-12-09,265751,160024.0,277074,205708,60105,236152.0
2024-12-10,283400,171507.0,297640,213122,60475,245113.0
2024-12-11,285866,168117.0,272453,208507,69585,213363.0
2024-12-12,275923,166683.0,289402,208516,59843,241855.0
2024-12-13,272662,160631.0,274310,205706,59794,233633.0
2024-12-14,225510,108945.0,175027,157720,68682,171603.0
2024-12-15,189538,92397.0,151379,137366,53303,161554.0
2024-12-16,259401,157428.0,269285,199972,56766,231555.0
2024-12-17,271197,164201.0,284270,205046,57430,235246.0
2024-12-18,280446,168013.0,289104,208895,58953,239307.0
2024-12-19,252241,160087.0,279528,203466,57475,236029.0
2024-12-20,280934,170868.0,280343,230838,64359,234035.0
2024-12-21,223548,119601.0,208087,157688,59550,169551.0
2024-12-22,213969,109625.0,193753,148044,59626,160711.0
2024-12-23,270298,153223.0,260918,195769,67210,212616.0
2024-12-24,288439,158511.0,270090,199032,71627,211235.0
2024-12-25,254078,115985.0,181419,147069,71911,153871.0
2024-12-26,254901,142623.0,241158,181588,61988,196050.0
2024-12-27,243013,137641.0,231765,177554,58789,191156.0
2024-12-28,196324,96974.0,157602,138977,54792,155885.0
2024-12-29,165083,80816.0,136026,119588,48545,145506.0
2024-12-30,235543,138478.0,233831,179275,58341,199415.0
2024-12-31,367376,220980.0,345814,244890,91717,237658.0
2025-01-01,202590,99681.0,162360,139336,63975,160381.0
2025-01-02,254324,156358.0,254590,191527,58586,219111.0
2025-01-03,253791,151166.0,249606,190163,58028,213774.0
2025-01-04,181585,93659.0,141258,125243,45689,158246.0
2025-01-05,160681,80743.0,126861,116910,43643,151061.0
2025-01-06,264186,165152.0,275308,205114,57141,234422.0
2025-01-07,273685,171454.0,288926,212315,59809,232903.0
2025-01-08,282426,173592.0,295394,214420,60455,237584.0
2025-01-09,279468,171713.0,289617,213773,60784,236688.0
2025-01-10,280619,169092.0,280623,215163,63975,232725.0
2025-01-11,209614,108591.0,165687,146068,54728,167478.0
2025-01-12,182773,92009.0,145138,132054,50788,166287.0
2025-01-13,269827,167876.0,279036,207734,60121,236816.0
2025-01-14,276017,170908.0,288133,209381,58722,235810.0
2025-01-15,284533,174282.0,292122,213138,59735,243520.0
2025-01-16,281162,172201.0,287989,213592,61021,240817.0
2025-01-17,282450,168894.0,283497,214706,61852,237350.0
2025-01-18,209623,106742.0,163172,143047,53169,169052.0
2025-01-19,184617,91664.0,144509,129010,49417,162672.0
2025-01-20,275583,168203.0,284103,210454,61575,235306.0
2025-01-21,286499,174741.0,296880,213945,60436,236929.0
2025-01-22,292304,176024.0,299737,216049,61243,240875.0
2025-01-23,286142,173652.0,294254,215772,61474,238053.0
2025-01-24,279584,167398.0,281200,214693,61790,228612.0
2025-01-25,205208,106819.0,165741,150521,54539,164578.0
2025-01-26,178270,89422.0,144681,132141,52761,152457.0
2025-01-27,247287,144246.0,246992,184606,60559,201354.0
2025-01-28,225941,131755.0,234046,176661,62646,192154.0
2025-01-29,205794,106054.0,195245,155474,75441,158736.0
2025-01-30,180906,91152.0,157908,130545,61052,144740.0
2025-01-31,197467,109465.0,184831,150392,57612,170281.0
2025-02-01,172303,86796.0,138597,137750,52757,145357.0
2025-02-02,157741,81061.0,129272,124982,45905,148789.0
2025-02-03,249888,153260.0,257597,195569,55957,222990.0
2025-02-04,269423,163068.0,281843,204350,57506,229731.0
2025-02-05,272721,165423.0,285795,205615,58448,230127.0
2025-02-06,273561,164802.0,285767,205056,58998,228961.0
2025-02-07,277984,168323.0,283409,210820,64394,229796.0
2025-02-08,212176,111256.0,187399,151911,59906,172144.0
2025-02-09,192519,96725.0,160726,141149,54431,170049.0
2025-02-10,278349,167638.0,281405,208441,62215,238796.0
2025-02-11,186156,96528.0,152504,127200,46687,168330.0
2025-02-12,293164,180433.0,307971,228225,62018,244705.0
2025-02-13,290065,176783.0,303574,217769,61774,242751.0
2025-02-14,296709,176140.0,298646,221124,66647,244686.0
2025-02-15,202338,107944.0,166202,188603,51742,169461.0
2025-02-16,174334,86484.0,142267,131794,46317,161030.0
2025-02-17,269953,169000.0,282648,213795,58108,246505.0
2025-02-18,285452,178303.0,303539,232156,59626,254058.0
2025-02-19,292352,181892.0,307313,223616,59812,256789.0
2025-02-20,289023,178571.0,301726,223185,61402,254519.0
2025-02-21,282638,174509.0,289580,220640,64475,248306.0
2025-02-22,205792,108841.0,170373,147805,59440,175428.0
2025-02-23,177568,91532.0,149424,134713,50227,164358.0
2025-02-24,272982,170853.0,287593,220881,60522,249536.0
2025-02-25,288166,178369.0,303996,221891,62582,253188.0
2025-02-26,292944,180403.0,307859,224522,62213,258599.0
2025-02-27,290119,174956.0,303152,220964,60832,252569.0
2025-02-28,292777,177707.0,299468,228126,65148,254793.0
2025-03-01,197196,103296.0,162128,152291,50793,176642.0
2025-03-02,137643,70149.0,116641,108614,35938,145213.0
2025-03-03,257731,164979.0,274757,209186,52959,239470.0
2025-03-04,270745,172132.0,293917,215561,56133,245327.0
2025-03-05,275332,174403.0,298071,216790,56676,246931.0
2025-03-06,270748,170716.0,294019,214727,56592,243490.0
2025-03-07,271278,170007.0,286686,217914,58917,242755.0
2025-03-08,172309,91459.0,146987,136018,43448,158983.0
2025-03-09,152291,78683.0,130383,123482,40372,155403.0
2025-03-10,265039,170657.0,284597,215293,56088,242680.0
2025-03-11,277662,175904.0,299687,220271,56856,245843.0
2025-03-12,280414,177283.0,302111,220890,57075,244884.0
2025-03-13,276691,175847.0,296453,218780,57132,246607.0
2025-03-14,277447,175154.0,288565,224709,58262,242528.0
2025-03-15,182211,99640.0,159203,152871,46520,162663.0
2025-03-16,155068,80854.0,131738,129348,42357,149014.0
2025-03-17,256877,160260.0,266872,207441,55778,235508.0
2025-03-18,163765,89354.0,142580,131185,38483,151225.0
2025-03-19,277456,176064.0,298777,219638,56787,249656.0
2025-03-20,275286,174086.0,296807,219719,56784,243903.0
2025-03-21,277808,172805.0,290029,224703,59951,245598.0
2025-03-22,183941,98478.0,158468,157746,48275,162603.0
2025-03-23,153513,78771.0,128594,130348,43641,147369.0
2025-03-24,265033,169586.0,283211,216856,55309,238652.0
2025-03-25,274943,173242.0,294321,221884,56098,245270.0
2025-03-26,278514,176056.0,295631,224121,56386,245836.0
2025-03-27,265150,165509.0,277986,216794,55191,240267.0
2025-03-28,254364,155319.0,252770,215045,58493,228430.0
2025-03-29,159988,86885.0,134753,139460,47300,157533.0
2025-03-30,156012,79787.0,127149,128761,54527,156027.0
2025-03-31,179850,98358.0,160592,125487,63542,136976.0
2025-04-01,168269,90730.0,144421,120820,58783,144954.0
2025-04-02,212071,120203.0,196889,153667,55285,181565.0
2025-04-03,220466,126232.0,206907,159454,52397,189694.0
2025-04-04,219150,124939.0,207683,159731,50295,184430.0
2025-04-05,166089,89289.0,138499,123961,41095,151558.0
2025-04-06,154872,84640.0,133382,119403,42329,155944.0
2025-04-07,261360,169133.0,272277,209011,54565,247348.0
2025-04-08,277035,177930.0,292750,215301,56016,253551.0
2025-04-09,280596,178142.0,293341,216843,55590,256365.0
2025-04-10,278640,177557.0,292542,217079,56618,257201.0
2025-04-11,281612,176381.0,284975,218680,60289,250268.0
2025-04-12,205322,110977.0,164455,152090,48874,179203.0
2025-04-13,178254,93997.0,146700,138284,47020,170487.0
2025-04-14,270188,174886.0,283577,213442,58917,254035.0
2025-04-15,284361,182487.0,305162,221006,59803,259351.0
2025-04-16,297325,190249.0,312761,229770,62982,268148.0
2025-04-17,286402,183255.0,301862,222820,61465,262155.0
2025-04-18,292061,178243.0,292847,222826,63559,269734.0
2025-04-19,222628,114255.0,175667,153268,52567,193224.0
2025-04-20,189380,96269.0,150513,135852,46891,186916.0
2025-04-21,267704,174874.0,285916,214644,58806,251319.0
2025-04-22,281540,181227.0,300380,219717,59187,258638.0
2025-04-23,283266,181923.0,298208,218590,58651,253301.0
2025-04-24,288069,181580.0,297763,219041,59267,256386.0
2025-04-25,283288,177074.0,292278,221078,62226,252963.0
2025-04-26,213635,116182.0,176135,175316,51168,177521.0
2025-04-27,174149,92017.0,144898,128766,45702,161832.0
2025-04-28,270239,174321.0,282024,214520,58492,251734.0
2025-04-29,281362,179351.0,299046,218225,58142,257734.0
2025-04-30,300441,186967.0,311493,228437,62445,267707.0
2025-05-01,210992,103983.0,158125,139832,51892,161818.0
2025-05-02,270423,163461.0,265022,207353,62407,238885.0
2025-05-03,208610,109069.0,167036,150575,53680,161617.0
2025-05-04,170459,88088.0,139676,132118,45313,155423.0
2025-05-05,273471,176203.0,283720,218783,59914,254964.0
2025-05-06,283674,181335.0,300131,222059,59605,257143.0
2025-05-07,287814,182112.0,302816,223517,60206,258246.0
2025-05-08,282756,179380.0,296488,219484,60569,257511.0
2025-05-09,286213,179011.0,289431,225336,62674,253136.0
2025-05-10,208034,114505.0,173349,192139,55656,174491.0
2025-05-11,204714,102084.0,160752,145098,58142,172726.0
2025-05-12,169019,91977.0,140568,128331,46499,154182.0
2025-05-13,276965,178660.0,291787,220529,59407,256143.0
2025-05-14,285447,182181.0,298657,222783,58814,258291.0
2025-05-15,281601,179019.0,294290,218574,59898,257174.0
2025-05-16,277822,174767.0,281246,217546,61306,248848.0
2025-05-17,194322,105344.0,156281,148074,49403,170884.0
2025-05-18,171899,89083.0,134966,123265,42852,158048.0
2025-05-19,265543,170700.0,277903,211621,57035,248881.0
2025-05-20,282952,180843.0,297661,221115,58811,256050.0
2025-05-21,291143,185715.0,303713,225754,60208,260903.0
2025-05-22,288983,183004.0,296006,224460,60620,258893.0
2025-05-23,292862,186499.0,289691,241346,65132,247412.0
2025-05-24,229583,126117.0,188541,191555,56059,173706.0
2025-05-25,185293,98331.0,150989,155888,46670,155754.0
2025-05-26,257353,165467.0,252576,211797,54785,239832.0
2025-05-27,264906,168035.0,262720,214400,56716,244656.0
2025-05-28,285851,181845.0,282321,270317,60401,248298.0
2025-05-29,302155,186252.0,304006,244905,62840,247482.0
2025-05-30,298133,181110.0,302365,247706,66455,243223.0
2025-05-31,234211,122276.0,188242,199745,59536,172695.0
2025-06-01,230351,117284.0,179404,185693,63271,166937.0
2025-06-02,191199,96152.0,144498,126401,48644,148881.0
2025-06-03,293277,179020.0,288984,216820,61195,238051.0
2025-06-04,303234,180381.0,296449,218953,60373,236528.0
2025-06-05,290340,175010.0,285038,215161,60136,234447.0
2025-06-06,261792,154033.0,240260,197827,59910,223218.0
2025-06-07,193812,102476.0,150741,136151,61041,161456.0
2025-06-08,189395,99157.0,145130,135915,54318,171913.0
2025-06-09,254561,158751.0,237301,196179,56409,224631.0
2025-06-10,283558,182123.0,287171,252132,58405,247775.0
2025-06-11,291704,184433.0,296277,223976,59653,257748.0
2025-06-12,285830,180446.0,289320,219157,58792,255045.0
2025-06-13,284476,176370.0,277369,217800,61824,247663.0
2025-06-14,204432,107322.0,160299,148285,51582,174731.0
2025-06-15,175913,91253.0,139076,132153,45601,163531.0
2025-06-16,274913,175505.0,277473,215238,57615,247848.0
2025-06-17,288101,183789.0,294656,221237,58409,257335.0
2025-06-18,293834,183750.0,296544,221978,59505,257899.0
2025-06-19,285673,179745.0,289771,217680,57890,256080.0
2025-06-20,284956,176674.0,277965,220118,62276,245905.0
2025-06-21,207168,110657.0,160517,157278,47895,173166.0
2025-06-22,178187,94310.0,141265,149515,45718,163397.0
2025-06-23,274163,177167.0,281495,213906,56785,253610.0
2025-06-24,285779,183329.0,296082,218889,56860,253779.0
2025-06-25,290399,183267.0,300362,220795,58354,261640.0
2025-06-26,291743,181453.0,297387,221297,59612,247608.0
2025-06-27,194648,100774.0,150529,131376,48208,160231.0
2025-06-28,203951,103424.0,162083,141403,55488,169619.0
2025-06-29,171002,88527.0,138694,124740,46777,159429.0
2025-06-30,268954,172586.0,273845,212414,57120,249032.0
2025-07-01,288585,184189.0,298681,222150,59794,241090.0
2025-07-02,292929,183480.0,302036,223299,59681,242126.0
2025-07-03,286703,182736.0,298877,222007,60904,242080.0
2025-07-04,290912,178389.0,291332,222107,64877,236265.0
2025-07-05,212603,110976.0,171882,149693,54788,163189.0
2025-07-06,183226,93409.0,147216,134579,52970,148045.0
2025-07-07,285689,183506.0,292336,221986,59805,240420.0
2025-07-08,296962,189132.0,308817,228014,62596,243597.0
2025-07-09,303175,191315.0,311399,229293,62005,247564.0
2025-07-10,298597,187659.0,306566,227122,62468,246635.0
2025-07-11,298946,183015.0,296461,228559,68484,239391.0
2025-07-12,217217,115389.0,179416,157374,57365,166355.0
2025-07-13,187551,97754.0,153544,139303,50750,153091.0
2025-07-14,285117,185120.0,293231,220343,60332,238714.0
2025-07-15,299244,192831.0,311634,227381,61337,247235.0
2025-07-16,305520,193473.0,313542,228324,61762,249063.0
2025-07-17,297156,188463.0,304802,224411,61091,244458.0
2025-07-18,297657,186157.0,297190,232094,67648,238601.0
2025-07-19,213950,115470.0,169018,160924,57668,157396.0
2025-07-20,178693,92956.0,143599,136108,49408,145109.0
2025-07-21,280588,181661.0,289758,219730,60066,239826.0
2025-07-22,290261,187072.0,302002,223872,60182,238318.0
2025-07-23,298075,191116.0,311409,227249,62702,247281.0
2025-07-24,295755,189367.0,309036,226674,62496,243377.0
2025-07-25,295292,187170.0,303201,228439,66537,238151.0
2025-07-26,212583,115689.0,185963,174696,54920,156180.0
2025-07-27,178143,90085.0,146739,131494,49152,140596.0
2025-07-28,277435,180114.0,287166,216294,61839,236090.0
2025-07-29,287640,183384.0,300777,220764,61292,240692.0
2025-07-30,295466,186972.0,307186,224223,62219,242958.0
2025-07-31,290916,182433.0,301414,221768,61542,239229.0
2025-08-01,291400,178566.0,295086,224995,65385,238954.0
2025-08-02,216047,111545.0,174831,155185,55627,161233.0
2025-08-03,186282,93757.0,149570,140376,51301,148312.0
2025-08-04,280041,180550.0,291599,220815,61723,236408.0
2025-08-05,297339,188587.0,313375,228302,63469,244384.0
2025-08-06,303063,192860.0,315200,231107,63888,245935.0
2025-08-07,298482,187434.0,311523,229949,64849,246380.0
2025-08-08,298882,182583.0,304869,230579,68622,238584.0
2025-08-09,222570,115047.0,183453,161110,59248,159027.0
2025-08-10,191154,97624.0,156323,143079,55533,150362.0
2025-08-11,290197,187683.0,298124,227198,65006,242499.0
2025-08-12,301131,194508.0,313864,231574,65031,244845.0
2025-08-13,305280,195257.0,317711,234026,64780,250391.0
2025-08-14,296253,189728.0,310138,228220,65607,238228.0
2025-08-15,299864,188873.0,302575,236250,68354,239098.0
2025-08-16,229033,118233.0,179423,163331,57209,160403.0
2025-08-17,189828,95500.0,149871,143260,52848,146916.0
2025-08-18,282153,180743.0,294249,222256,60169,242477.0
2025-08-19,295867,189840.0,310787,227785,62663,244437.0
2025-08-20,302446,191536.0,314664,230437,61917,249624.0
2025-08-21,290410,185110.0,305933,225511,61282,240160.0
2025-08-22,294419,184885.0,298371,232112,64708,237157.0
2025-08-23,220114,118332.0,173210,161738,51821,159146.0
2025-08-24,182500,96049.0,148618,145195,47075,142959.0
2025-08-25,282568,183336.0,291967,222327,60019,237914.0
2025-08-26,293911,188264.0,303887,226225,60709,244187.0
2025-08-27,295451,189510.0,307534,227024,60124,242859.0
2025-08-28,291679,186097.0,301116,224592,59648,233109.0
2025-08-29,294560,185130.0,294741,227900,62565,233872.0
2025-08-30,242057,134323.0,206196,177518,64771,166721.0
2025-08-31,236063,141093.0,177127,163868,66192,243220.0
2025-09-01,173532,91120.0,136334,123590,44882,134280.0
2025-09-02,280970,184088.0,292560,221172,57960,237253.0
2025-09-03,287976,186270.0,298834,222752,57851,239293.0
2025-09-04,293304,187599.0,301093,236328,60603,233814.0
2025-09-05,196656,102477.0,157325,137357,50714,159350.0
2025-09-06,203072,103677.0,154070,139337,50608,164190.0
2025-09-07,168499,89315.0,135055,126849,45146,153228.0
2025-09-08,280364,182747.0,286375,218944,56645,236861.0
2025-09-09,295291,190356.0,304164,226285,57465,241557.0
2025-09-10,298665,191250.0,307969,226766,57519,241420.0
2025-09-11,291716,186692.0,301812,226085,58157,237668.0
2025-09-12,287415,183427.0,289356,232658,61309,234462.0
2025-09-13,222694,118074.0,169814,159119,51508,150120.0
2025-09-14,211539,109702.0,160941,150123,62401,150298.0
2025-09-15,219663,115703.0,162054,140930,61584,136339.0
2025-09-16,188728,103683.0,144887,131435,49201,133078.0
2025-09-17,294289,181640.0,294225,217719,60027,222482.0
2025-09-18,295426,183632.0,296587,217539,60301,223008.0
2025-09-19,286752,176788.0,283308,212612,60219,217859.0
2025-09-20,203266,110892.0,174407,145668,49608,145740.0
2025-09-21,166076,88104.0,128084,123434,41658,135673.0
2025-09-22,276528,180590.0,284721,217704,54440,229795.0
2025-09-23,288690,180239.0,302287,222617,56780,237220.0
2025-09-24,292211,186069.0,305537,224543,56166,240584.0
2025-09-25,287722,186091.0,302035,223720,58379,239376.0
2025-09-26,287774,179254.0,291930,223056,62650,229992.0
2025-09-27,207324,111401.0,159919,148294,53706,151888.0
2025-09-28,173865,91322.0,138535,129909,46389,136404.0
2025-09-29,278409,177141.0,280914,215741,56746,227626.0
2025-09-30,291732,184585.0,298226,222353,56872,233880.0
